<?xml version='1.0' encoding='UTF-8'?>
<faces-config version="2.2"
              xmlns="http://xmlns.jcp.org/xml/ns/javaee"
              xmlns:xsi="http://www.w3.org/2001/XMLSchema-instance"
              xsi:schemaLocation="http://xmlns.jcp.org/xml/ns/javaee http://xmlns.jcp.org/xml/ns/javaee/web-facesconfig_2_2.xsd">
    <application>
        <!--<action-listener>-->
            <!--org.primefaces.application.DialogActionListener-->
        <!--</action-listener>-->
        <!--<navigation-handler>-->
            <!--org.primefaces.application.DialogNavigationHandler-->
        <!--</navigation-handler>-->
        <!--<view-handler>-->
            <!--org.primefaces.application.DialogViewHandler-->
        <!--</view-handler>-->
        <!--<navigation-handler>-->
            <!--org.primefaces.mobile.application.MobileNavigationHandler-->
        <!--</navigation-handler>        -->
    </application>
</faces-config>
